-- phpMyAdmin SQL Dump
-- version 4.9.0.1
-- https://www.phpmyadmin.net/
--
-- Хост: 127.0.0.1:3306
-- Время создания: Дек 15 2019 г., 06:17
-- Версия сервера: 8.0.15
-- Версия PHP: 7.3.9

SET SQL_MODE = "NO_AUTO_VALUE_ON_ZERO";
SET AUTOCOMMIT = 0;
START TRANSACTION;
SET time_zone = "+00:00";


/*!40101 SET @OLD_CHARACTER_SET_CLIENT=@@CHARACTER_SET_CLIENT */;
/*!40101 SET @OLD_CHARACTER_SET_RESULTS=@@CHARACTER_SET_RESULTS */;
/*!40101 SET @OLD_COLLATION_CONNECTION=@@COLLATION_CONNECTION */;
/*!40101 SET NAMES utf8mb4 */;

--
-- База данных: `asale`
--

-- --------------------------------------------------------

--
-- Структура таблицы `aircraft`
--

CREATE TABLE `aircraft` (
  `ID_AIRCRAFT` int(11) NOT NULL,
  `MANUFACTURER` varchar(45) NOT NULL,
  `MODEL` varchar(45) NOT NULL
) ENGINE=InnoDB DEFAULT CHARSET=utf8;

--
-- Дамп данных таблицы `aircraft`
--

INSERT INTO `aircraft` (`ID_AIRCRAFT`, `MANUFACTURER`, `MODEL`) VALUES
(14, 'AIRBUS', 'A320'),
(15, 'AIRBUS', 'A321'),
(16, 'AIRBUS', 'A320neo'),
(17, 'AIRBUS', 'A321neo'),
(18, 'AIRBUS', 'A310'),
(19, 'AIRBUS', 'A220'),
(20, 'AIRBUS', 'A330-300'),
(21, 'FOKKER', '100'),
(22, 'DE HAVILLAND CANADA', 'DASH 8 Q400'),
(23, 'BOEING', '767-300'),
(24, 'BOEING', '757-200'),
(25, 'BOEING', '737-300'),
(26, 'BOEING', '737-500'),
(27, 'BOEING', '737-800'),
(28, 'BOEING', '737-900'),
(29, 'EMBRAER', '190'),
(30, 'EMBRAER', '190-E2'),
(31, 'EMBRAER', '170'),
(32, 'BOMBARDIER', 'CRJ200'),
(33, 'ANTONOV', 'AN24');

-- --------------------------------------------------------

--
-- Структура таблицы `airline`
--

CREATE TABLE `airline` (
  `ID_AIRLINE` int(11) NOT NULL,
  `AIRLINE` varchar(45) NOT NULL,
  `ICAO` varchar(45) NOT NULL,
  `IATA` varchar(45) NOT NULL
) ENGINE=InnoDB DEFAULT CHARSET=utf8;

--
-- Дамп данных таблицы `airline`
--

INSERT INTO `airline` (`ID_AIRLINE`, `AIRLINE`, `ICAO`, `IATA`) VALUES
(25, 'AIR ASTANA', 'KZR', 'KC'),
(27, 'FLYARYSTAN', 'KZR', 'KC'),
(28, 'BEK AIR', 'BEK', 'Z9'),
(29, 'SCAT', 'VSV', 'DV'),
(30, 'QAZAQ AIR', 'QAZ', 'IQ'),
(31, 'AEROFLOT', 'AFL', 'SU'),
(32, 'S7 AIRLINES', 'SBI', 'S7'),
(33, 'URAL AIRLINES', 'SVR', 'U6'),
(34, 'LUFTHANSA', 'DLH', 'LH'),
(35, 'AZERBAIJAN', 'AHY', 'J2'),
(36, 'TURKMENISTAN AIRLINES', 'TUA', 'T5'),
(37, 'FLYDUBAI', 'FDB', 'FZ'),
(38, 'BELAVIA', 'BRU', 'B2'),
(39, 'PEGASUS', 'PGT', 'PC'),
(40, 'TURKISH AIRLINES', 'THY', 'TK'),
(41, 'ЮЖНОЕ НЕБО', 'SRS', 'IH'),
(42, 'AIR BALTIC', 'BTI', 'BT'),
(43, 'UZBEKISTAN AIRWAYS', 'UZB', 'HY'),
(44, 'MAHAN AIRLINES', 'IRM', 'W5'),
(45, 'ASIANA AIRLINES', 'AAR', 'OZ'),
(46, 'AVIA TRAFFIC COMPANY', 'AVJ', 'YK'),
(47, 'CHINA SOUTHERN AIRLINES', 'CSN', 'CZ'),
(48, 'LOT', 'LOT', 'LO'),
(49, 'ETIHAD AIRWAYS', 'EFL', 'EY'),
(50, 'WIZZ AIR', 'WAH', 'W6'),
(51, 'Air Arabia', 'ABY', 'G9'),
(52, 'SUNDAY AIRLINES', 'VSV', 'DV');

-- --------------------------------------------------------

--
-- Структура таблицы `airline_aircraft`
--

CREATE TABLE `airline_aircraft` (
  `ID_SET` int(11) NOT NULL,
  `C_CLASS` int(11) DEFAULT NULL,
  `Y_CLASS` int(11) NOT NULL,
  `AIRLINE_ID_AIRLINE` int(11) NOT NULL,
  `AIRCRAFT_ID_AIRCRAFT` int(11) NOT NULL
) ENGINE=InnoDB DEFAULT CHARSET=utf8;

--
-- Дамп данных таблицы `airline_aircraft`
--

INSERT INTO `airline_aircraft` (`ID_SET`, `C_CLASS`, `Y_CLASS`, `AIRLINE_ID_AIRLINE`, `AIRCRAFT_ID_AIRCRAFT`) VALUES
(2, 10, 120, 25, 14),
(3, 10, 180, 25, 15),
(4, 10, 120, 25, 16),
(5, 10, 190, 25, 17),
(6, 20, 230, 25, 23),
(7, 10, 180, 25, 24),
(8, 8, 90, 25, 29),
(9, 8, 90, 25, 30),
(10, 0, 150, 27, 14),
(11, 8, 95, 28, 21),
(12, 8, 120, 29, 25),
(13, 8, 130, 29, 26),
(14, 0, 50, 29, 32),
(15, 0, 76, 30, 22),
(16, 0, 150, 37, 27),
(17, 0, 150, 39, 27),
(18, 10, 220, 44, 18),
(19, 20, 290, 45, 20),
(20, 20, 290, 34, 20),
(21, 8, 70, 32, 31),
(22, 10, 150, 35, 14),
(23, 10, 160, 36, 27),
(24, 0, 189, 38, 27),
(25, 0, 160, 51, 14),
(26, 10, 190, 31, 15),
(27, 20, 250, 40, 20),
(28, 0, 220, 33, 15),
(29, 0, 180, 33, 14),
(30, 0, 60, 41, 33),
(31, 10, 120, 42, 19),
(32, 0, 220, 52, 24),
(33, 0, 300, 52, 23),
(34, 10, 180, 40, 27),
(35, 10, 160, 43, 16),
(36, 10, 170, 47, 27),
(37, 10, 130, 46, 25),
(38, 15, 140, 49, 14),
(39, 0, 160, 50, 14);

-- --------------------------------------------------------

--
-- Структура таблицы `airport`
--

CREATE TABLE `airport` (
  `ID_AIRPORT` int(11) NOT NULL,
  `AIRPORT` varchar(45) NOT NULL,
  `CITY` varchar(45) NOT NULL,
  `IATA` varchar(3) NOT NULL
) ENGINE=InnoDB DEFAULT CHARSET=utf8;

--
-- Дамп данных таблицы `airport`
--

INSERT INTO `airport` (`ID_AIRPORT`, `AIRPORT`, `CITY`, `IATA`) VALUES
(7, 'Алматы', 'Алматы', 'ALA'),
(8, 'Нурсултан Назарбаев', 'Нур-Султан (Астана)', 'TSE'),
(9, 'Жуковский', 'Москва', 'ZIA'),
(10, 'Домодедово', 'Москва', 'DME'),
(11, 'Шереметьево', 'Москва', 'SVO'),
(12, 'Внуково', 'Москва', 'VKO'),
(13, 'Международный', 'Гонконг', 'HKG'),
(14, 'Суварнабхуми', 'Бангкок', 'BKK'),
(15, 'Инчеон', 'Сеул', 'ICN'),
(16, 'Толмачёво', 'Новосибирск', 'OVB'),
(17, 'им. Гейдара Алиева', 'Баку', 'GYD'),
(18, 'Огузхан', 'Ашхабад', 'ASB'),
(19, 'Атырау', 'Атырау', 'GUW'),
(20, 'Дубай', 'Дубай', 'DXB'),
(21, 'Борисполь', 'Киев', 'KBP'),
(22, 'Минск-2', 'Минск', 'MSQ'),
(23, 'Новый аэропорт Стамбул', 'Стамбул', 'IST'),
(24, 'Шарджа', 'Шарджа', 'SHJ'),
(25, 'Сабиха Гёкчен', 'Стамбул', 'SAW'),
(26, 'Кольцово', 'Екатеринбург', 'SVX'),
(27, 'Сары-Арка', 'Караганды', 'KGF'),
(28, 'Манас', 'Бишкек', 'FRU'),
(29, 'Кызылорда', 'Кызылорда', 'KZO'),
(30, 'Шымкент', 'Шымкент', 'CIT'),
(31, 'им. Индиры Ганди', 'Дели', 'DEL'),
(32, 'Урджар', 'Урджар', 'UZR'),
(33, 'Пулково', 'Санкт-Петербург', 'LED'),
(34, 'Балхаш', 'Балхаш', 'BXH'),
(35, 'Рига', 'Рига', 'RIX'),
(36, 'Актобе', 'Актобе', 'AKX'),
(37, 'Усть-Каменогорск', 'Усть-Каменогорск', 'UKK'),
(38, 'Джидда', 'Джидда', 'JED'),
(39, 'Медина', 'Медина', 'MED'),
(40, 'им. Шота Руставели', 'Тбилиси', 'TBS'),
(41, 'Душанбе', 'Душанбе', 'DYU'),
(42, 'им. Ислама Каримова', 'Ташкент', 'TAS'),
(43, 'Семипалатинск', 'Семипалатинск', 'PLX'),
(44, 'Петропавловск', 'Петропавловск', 'PPK'),
(45, 'им. Имама Хомейни', 'Тегеран', 'IKA'),
(46, 'Павлодар', 'Павлодар', 'PWQ'),
(47, 'Офира', 'Шарм-эль-Шейх', 'SSH'),
(48, 'Кокшетау', 'Кокшетау', 'KOV'),
(49, 'Уральск', 'Уральск', 'URA'),
(50, 'Дивопу', 'Урумчи', 'URC'),
(51, 'Шоуду', 'Пекин', 'PEK'),
(52, 'Куала-Лумпур', 'Куала-Лумпур', 'KUL'),
(53, 'Омск', 'Омск', 'OMS'),
(54, 'Наримановка', 'Костанай', 'KSN'),
(55, 'Жезказган', 'Жезказган', 'DZN'),
(56, 'Талдыкорган', 'Талдыкорган', 'TDK'),
(57, 'им. Фредерика Шопена', 'Варшава', 'WAW'),
(58, 'Байюн', 'Гуанчжоу', 'CAN'),
(59, 'Аулие-ата', 'Тараз', 'DMB'),
(60, 'Анталья', 'Анталья', 'AYT'),
(61, 'Минеральные Воды', 'Минеральные Воды', 'MRV'),
(62, 'Казань', 'Казань', 'KZN'),
(63, 'Хитроу', 'Лондон', 'LHR'),
(64, 'Шарль де Голль', 'Париж', 'CDG'),
(65, 'Звартноц', 'Ереван', 'EVN'),
(66, 'им. Ференца Листа', 'Будапешт', 'BUD'),
(67, 'Франкфурт-на-Майне', 'Франкфурт-на-Майне', 'FRA'),
(69, 'Актау', 'Актау', 'SCO'),
(70, 'Абу-Даби', 'Абу-Даби', 'AUH'),
(71, 'Чингис хан', 'Улан-Батор', 'ULN');

-- --------------------------------------------------------

--
-- Дублирующая структура для представления `arr`
-- (См. Ниже фактическое представление)
--
CREATE TABLE `arr` (
`ARR_AP` varchar(45)
,`ARR_CITY` varchar(45)
,`FLIGHT_NUM` int(11)
,`SCHD_TIME` time
);

-- --------------------------------------------------------

--
-- Структура таблицы `arr_schd`
--

CREATE TABLE `arr_schd` (
  `ID_SCHD` int(11) NOT NULL,
  `SCHD_TIME` time NOT NULL,
  `AIRPORT_ID_AIRPORT` int(11) NOT NULL,
  `FLIGHT_ID_FLIGHT` int(11) NOT NULL,
  `AIRLINE_AIRCRAFT_ID_SET` int(11) NOT NULL
) ENGINE=InnoDB DEFAULT CHARSET=utf8;

--
-- Дамп данных таблицы `arr_schd`
--

INSERT INTO `arr_schd` (`ID_SCHD`, `SCHD_TIME`, `AIRPORT_ID_AIRPORT`, `FLIGHT_ID_FLIGHT`, `AIRLINE_AIRCRAFT_ID_SET`) VALUES
(2, '06:10:00', 13, 2, 7),
(3, '07:55:00', 14, 3, 7),
(4, '06:45:00', 15, 4, 7),
(5, '04:35:00', 16, 5, 21),
(6, '04:00:00', 8, 6, 20),
(7, '06:20:00', 17, 7, 22),
(8, '05:20:00', 18, 8, 23),
(9, '06:55:00', 19, 9, 3),
(10, '11:00:00', 67, 10, 20),
(11, '09:25:00', 20, 11, 16),
(12, '10:20:00', 22, 12, 24),
(13, '11:40:00', 23, 13, 4),
(14, '08:50:00', 19, 14, 5),
(15, '10:20:00', 24, 15, 25),
(16, '10:35:00', 11, 16, 26),
(17, '08:45:00', 19, 18, 11),
(18, '07:05:00', 8, 20, 3),
(19, '12:10:00', 25, 21, 17),
(20, '08:10:00', 8, 22, 12),
(21, '11:25:00', 10, 23, 5),
(22, '09:55:00', 23, 24, 27),
(23, '09:50:00', 26, 25, 29),
(24, '12:30:00', 21, 26, 5),
(25, '08:45:00', 8, 27, 9),
(26, '08:40:00', 8, 28, 11),
(27, '08:35:00', 27, 29, 14),
(28, '08:05:00', 27, 30, 8),
(29, '09:20:00', 29, 31, 9),
(30, '09:00:00', 30, 32, 9),
(31, '12:25:00', 20, 33, 3),
(32, '11:40:00', 31, 34, 4),
(33, '12:45:00', 9, 35, 28),
(34, '11:15:00', 19, 36, 2),
(35, '09:50:00', 32, 37, 30),
(36, '10:15:00', 8, 38, 15),
(37, '13:40:00', 33, 39, 4),
(38, '10:35:00', 19, 40, 10),
(39, '14:20:00', 35, 41, 31),
(40, '10:30:00', 8, 42, 8),
(41, '12:00:00', 36, 43, 2),
(42, '14:10:00', 11, 44, 26),
(43, '10:50:00', 37, 45, 13),
(44, '15:20:00', 38, 46, 32),
(45, '15:20:00', 39, 47, 32),
(46, '15:40:00', 60, 48, 6),
(47, '14:15:00', 17, 49, 8),
(48, '12:50:00', 40, 50, 8),
(49, '12:30:00', 41, 51, 8),
(50, '12:10:00', 30, 52, 15),
(51, '14:55:00', 10, 53, 2),
(52, '12:20:00', 8, 54, 11),
(53, '17:40:00', 23, 55, 34),
(54, '12:50:00', 43, 56, 15),
(55, '12:50:00', 42, 57, 35),
(56, '13:25:00', 8, 58, 7),
(57, '13:50:00', 42, 59, 2),
(59, '14:40:00', 29, 61, 9),
(60, '14:40:00', 8, 62, 6),
(62, '15:30:00', 46, 64, 11),
(63, '14:40:00', 8, 62, 6),
(64, '19:35:00', 15, 65, 7),
(65, '17:45:00', 45, 66, 18),
(67, '15:30:00', 37, 68, 11),
(69, '16:10:00', 30, 69, 15),
(70, '18:15:00', 16, 70, 21),
(71, '18:10:00', 44, 71, 14),
(72, '21:20:00', 11, 72, 26),
(73, '17:55:00', 43, 73, 14),
(74, '00:00:00', 47, 74, 6),
(75, '17:30:00', 30, 75, 13),
(76, '19:55:00', 20, 76, 4),
(77, '19:30:00', 48, 77, 14),
(78, '19:10:00', 42, 78, 35),
(79, '19:15:00', 8, 79, 12),
(80, '20:55:00', 19, 80, 11),
(81, '19:30:00', 8, 81, 7),
(82, '23:05:00', 21, 82, 2),
(83, '00:05:00', 23, 83, 4),
(84, '19:35:00', 37, 84, 9),
(85, '19:15:00', 28, 85, 8),
(86, '00:40:00', 33, 86, 3),
(88, '22:00:00', 19, 87, 3),
(89, '20:30:00', 8, 88, 3),
(90, '23:50:00', 10, 89, 5),
(91, '21:00:00', 8, 90, 15),
(93, '23:45:00', 40, 92, 9),
(94, '21:00:00', 30, 93, 9),
(95, '21:35:00', 8, 94, 7),
(96, '22:20:00', 8, 95, 15),
(99, '22:05:00', 8, 97, 11),
(100, '00:40:00', 31, 98, 4),
(101, '22:40:00', 50, 99, 8),
(102, '22:40:00', 8, 100, 8),
(103, '22:35:00', 27, 29, 14),
(104, '00:50:00', 69, 101, 4),
(105, '00:40:00', 19, 9, 5),
(106, '23:35:00', 50, 102, 36),
(107, '02:55:00', 51, 103, 5),
(108, '06:45:00', 52, 104, 5),
(109, '01:40:00', 54, 105, 13),
(110, '01:25:00', 42, 106, 35),
(111, '01:35:00', 8, 107, 10),
(112, '00:25:00', 28, 108, 37),
(113, '00:10:00', 7, 109, 3),
(114, '00:30:00', 7, 110, 11),
(115, '01:20:00', 7, 111, 22),
(116, '01:35:00', 7, 112, 8),
(117, '02:45:00', 7, 113, 20),
(118, '03:50:00', 7, 114, 16),
(119, '03:55:00', 7, 115, 24),
(120, '04:40:00', 7, 117, 25),
(121, '04:45:00', 7, 118, 26),
(122, '05:00:00', 7, 119, 13),
(123, '05:05:00', 7, 120, 11),
(124, '05:10:00', 7, 121, 5),
(125, '05:45:00', 7, 122, 27),
(126, '06:05:00', 7, 123, 2),
(127, '06:20:00', 7, 124, 17),
(128, '06:25:00', 7, 125, 3),
(129, '06:50:00', 7, 126, 3),
(130, '07:25:00', 7, 127, 28),
(131, '08:40:00', 7, 128, 7),
(132, '09:10:00', 7, 129, 13),
(133, '10:40:00', 7, 132, 3),
(134, '10:50:00', 7, 133, 12),
(135, '10:55:00', 7, 134, 35),
(136, '11:15:00', 7, 135, 9),
(137, '11:25:00', 7, 136, 9),
(138, '11:40:00', 7, 137, 13),
(139, '12:50:00', 7, 138, 11),
(140, '13:10:00', 7, 139, 4),
(141, '13:40:00', 7, 140, 13),
(142, '14:15:00', 7, 141, 15),
(143, '14:45:00', 7, 142, 21),
(144, '14:55:00', 7, 143, 14),
(145, '15:05:00', 7, 144, 26),
(146, '15:20:00', 7, 145, 3),
(147, '15:35:00', 7, 146, 3),
(148, '15:50:00', 7, 147, 6),
(149, '15:55:00', 7, 148, 9),
(150, '16:20:00', 7, 149, 12),
(151, '16:30:00', 7, 150, 9),
(152, '16:35:00', 7, 151, 7),
(153, '16:40:00', 7, 152, 2),
(154, '16:45:00', 7, 153, 6),
(155, '16:50:00', 7, 154, 3),
(156, '17:10:00', 7, 155, 2),
(157, '17:15:00', 7, 156, 15),
(158, '17:40:00', 7, 157, 4),
(159, '18:00:00', 7, 158, 11),
(160, '18:15:00', 7, 159, 30),
(161, '18:25:00', 7, 160, 9),
(162, '18:30:00', 7, 161, 9),
(163, '19:40:00', 7, 162, 15),
(164, '19:45:00', 7, 163, 5),
(165, '20:15:00', 7, 164, 14),
(166, '20:30:00', 7, 165, 5),
(167, '20:45:00', 7, 166, 36),
(168, '21:05:00', 7, 167, 3),
(169, '21:10:00', 7, 168, 9),
(170, '22:10:00', 7, 169, 6),
(171, '23:10:00', 7, 170, 6),
(172, '23:15:00', 7, 54, 11),
(173, '23:20:00', 7, 171, 9),
(174, '22:15:00', 7, 172, 32),
(175, '22:15:00', 7, 173, 32),
(176, '09:15:00', 7, 174, 2),
(177, '19:35:00', 7, 175, 9),
(178, '07:50:00', 37, 176, 14),
(179, '08:40:00', 49, 177, 9),
(180, '09:40:00', 50, 178, 9),
(181, '11:10:00', 11, 179, 26),
(182, '08:10:00', 29, 180, 9),
(183, '09:50:00', 42, 181, 2),
(184, '09:30:00', 19, 182, 2),
(185, '10:20:00', 36, 183, 3),
(186, '12:55:00', 22, 184, 24),
(187, '11:00:00', 36, 185, 15),
(188, '10:35:00', 54, 186, 30),
(189, '11:00:00', 29, 187, 11),
(190, '13:40:00', 12, 188, 13),
(191, '11:45:00', 40, 189, 9),
(192, '12:00:00', 43, 190, 14),
(193, '13:30:00', 56, 191, 14),
(194, '13:30:00', 46, 192, 14),
(195, '15:00:00', 19, 193, 13),
(196, '14:40:00', 30, 194, 11),
(197, '14:55:00', 43, 195, 15),
(198, '15:40:00', 30, 196, 15),
(199, '14:40:00', 55, 197, 15),
(200, '15:35:00', 54, 198, 30),
(201, '15:50:00', 59, 199, 14),
(202, '15:30:00', 53, 200, 9),
(203, '16:15:00', 16, 201, 9),
(204, '16:25:00', 26, 202, 9),
(205, '15:40:00', 19, 203, 11),
(206, '16:15:00', 19, 204, 8),
(207, '16:25:00', 34, 205, 30),
(208, '21:55:00', 64, 206, 7),
(209, '20:00:00', 20, 207, 5),
(210, '21:10:00', 63, 208, 7),
(211, '22:40:00', 67, 210, 7),
(212, '18:20:00', 36, 211, 14),
(213, '22:05:00', 70, 212, 38),
(214, '18:50:00', 37, 213, 14),
(215, '21:45:00', 69, 214, 12),
(216, '21:10:00', 30, 215, 13),
(217, '22:10:00', 30, 216, 9),
(218, '01:00:00', 33, 217, 3),
(219, '23:40:00', 19, 218, 3),
(220, '00:30:00', 10, 219, 3),
(221, '22:45:00', 19, 220, 3),
(222, '23:00:00', 19, 221, 12),
(223, '04:55:00', 66, 222, 39),
(224, '03:00:00', 71, 223, 13),
(225, '01:35:00', 8, 224, 3),
(226, '02:50:00', 8, 225, 9),
(227, '03:05:00', 8, 226, 9),
(228, '03:15:00', 8, 227, 24),
(229, '04:30:00', 8, 228, 13),
(230, '04:50:00', 8, 229, 9),
(231, '04:50:00', 8, 230, 4),
(232, '05:00:00', 8, 231, 14),
(233, '05:40:00', 8, 232, 7),
(234, '05:45:00', 8, 233, 7),
(235, '05:55:00', 8, 234, 9),
(236, '06:10:00', 8, 235, 3),
(237, '06:20:00', 8, 236, 26),
(238, '07:00:00', 8, 237, 3),
(239, '08:05:00', 8, 238, 13),
(240, '10:15:00', 8, 239, 14),
(241, '11:40:00', 8, 240, 13),
(242, '11:40:00', 8, 241, 8),
(243, '12:50:00', 8, 242, 8),
(244, '13:05:00', 8, 243, 3),
(245, '13:20:00', 8, 245, 2),
(246, '13:20:00', 8, 246, 9),
(247, '13:30:00', 8, 247, 11),
(248, '13:55:00', 34, 249, 30),
(249, '14:40:00', 8, 250, 13),
(250, '15:10:00', 8, 251, 14),
(251, '15:55:00', 8, 252, 14),
(252, '16:00:00', 8, 253, 38),
(253, '16:35:00', 8, 254, 15),
(254, '17:35:00', 8, 255, 9),
(255, '17:40:00', 8, 256, 2),
(256, '18:00:00', 8, 257, 13),
(257, '18:00:00', 8, 258, 9),
(258, '18:15:00', 8, 260, 30),
(259, '18:40:00', 8, 262, 14),
(260, '18:45:00', 8, 263, 9),
(261, '19:05:00', 8, 264, 9),
(262, '19:15:00', 8, 265, 9),
(263, '20:40:00', 8, 266, 11),
(264, '21:00:00', 8, 267, 32),
(265, '21:10:00', 8, 268, 14),
(266, '21:15:00', 8, 269, 15),
(267, '22:00:00', 8, 270, 11),
(268, '22:35:00', 8, 271, 39),
(269, '06:50:00', 30, 179, 26),
(270, '17:50:00', 19, 272, 11),
(271, '21:05:00', 69, 273, 12),
(272, '20:50:00', 12, 274, 13),
(274, '19:30:00', 30, 276, 11),
(275, '03:40:00', 8, 278, 34),
(276, '07:35:00', 7, 279, 31);

-- --------------------------------------------------------

--
-- Структура таблицы `customer`
--

CREATE TABLE `customer` (
  `ID_CUSTOMER` int(11) NOT NULL,
  `LAST_NAME` varchar(45) NOT NULL,
  `FIRST_NAME` varchar(45) NOT NULL,
  `BIRTHDAY` date NOT NULL,
  `NUMDOC` varchar(45) NOT NULL,
  `EXPIRY_DATE` date NOT NULL,
  `EMAIL` varchar(45) NOT NULL,
  `PHONE` varchar(45) NOT NULL,
  `SEX` varchar(45) NOT NULL,
  `TYPE_DOC_ID_TYPE` int(11) NOT NULL
) ENGINE=InnoDB DEFAULT CHARSET=utf8;

--
-- Дамп данных таблицы `customer`
--

INSERT INTO `customer` (`ID_CUSTOMER`, `LAST_NAME`, `FIRST_NAME`, `BIRTHDAY`, `NUMDOC`, `EXPIRY_DATE`, `EMAIL`, `PHONE`, `SEX`, `TYPE_DOC_ID_TYPE`) VALUES
(5, 'Shirokov', 'Ivan', '1998-05-04', 'N10676120', '2026-04-14', '+7777162147', 'ivan.a.shirokov@ya.ru', 'Мужской', 2),
(6, 'Shirokov', 'Andrey', '2003-03-27', '123123123', '2019-12-08', '+79236666666', 'andreyshirokov@gmail.com', 'Мужской', 2),
(8, 'dfgh', 'sdfgh', '2019-11-26', '1234567', '2019-11-26', '123456', 'asdfgh', 'Мужской', 1),
(9, 'Shirokov', 'Ivan', '1998-05-04', '036376111', '2019-11-26', '123456789', 'sdfghjkl', 'Мужской', 1);

-- --------------------------------------------------------

--
-- Дублирующая структура для представления `dep`
-- (См. Ниже фактическое представление)
--
CREATE TABLE `dep` (
`AIRLINE` varchar(45)
,`DEP_AP` varchar(45)
,`DEP_CITY` varchar(45)
,`FLIGHT_NUM` int(11)
,`IATA` varchar(45)
,`SCHD_TIME` time
);

-- --------------------------------------------------------

--
-- Дублирующая структура для представления `dep_business`
-- (См. Ниже фактическое представление)
--
CREATE TABLE `dep_business` (
`AIRLINE` varchar(45)
,`C_PRICE` double
,`DEP_AP` varchar(45)
,`DEP_CITY` varchar(45)
,`FLIGHT_NUM` int(11)
,`IATA` varchar(45)
,`SCHD_TIME` time
);

-- --------------------------------------------------------

--
-- Дублирующая структура для представления `dep_econ`
-- (См. Ниже фактическое представление)
--
CREATE TABLE `dep_econ` (
`AIRLINE` varchar(45)
,`DEP_AP` varchar(45)
,`DEP_CITY` varchar(45)
,`FLIGHT_NUM` int(11)
,`IATA` varchar(45)
,`SCHD_TIME` time
,`Y_PRICE` double
);

-- --------------------------------------------------------

--
-- Структура таблицы `dep_schd`
--

CREATE TABLE `dep_schd` (
  `ID_SCHD` int(11) NOT NULL,
  `SCHD_TIME` time NOT NULL,
  `AIRPORT_ID_AIRPORT` int(11) NOT NULL,
  `FLIGHT_ID_FLIGHT` int(11) NOT NULL,
  `AIRLINE_AIRCRAFT_ID_SET` int(11) NOT NULL
) ENGINE=InnoDB DEFAULT CHARSET=utf8;

--
-- Дамп данных таблицы `dep_schd`
--

INSERT INTO `dep_schd` (`ID_SCHD`, `SCHD_TIME`, `AIRPORT_ID_AIRPORT`, `FLIGHT_ID_FLIGHT`, `AIRLINE_AIRCRAFT_ID_SET`) VALUES
(2, '00:15:00', 7, 2, 7),
(3, '01:05:00', 7, 3, 7),
(4, '01:10:00', 7, 4, 7),
(5, '02:05:00', 7, 5, 21),
(6, '02:10:00', 7, 6, 20),
(7, '02:20:00', 7, 7, 22),
(8, '02:20:00', 7, 8, 23),
(9, '03:45:00', 7, 9, 3),
(10, '03:50:00', 7, 10, 20),
(11, '04:30:00', 7, 11, 16),
(12, '05:10:00', 7, 12, 24),
(13, '05:25:00', 7, 13, 4),
(14, '05:30:00', 7, 14, 5),
(15, '05:40:00', 7, 15, 25),
(16, '05:50:00', 7, 16, 26),
(17, '05:35:00', 7, 18, 11),
(18, '06:10:00', 7, 20, 3),
(19, '06:20:00', 7, 21, 17),
(20, '06:30:00', 7, 22, 12),
(21, '06:30:00', 7, 23, 5),
(22, '06:45:00', 7, 24, 27),
(23, '06:50:00', 7, 25, 29),
(24, '06:55:00', 7, 26, 5),
(25, '07:00:00', 7, 27, 9),
(26, '07:05:00', 7, 28, 11),
(27, '07:15:00', 7, 29, 14),
(28, '07:20:00', 7, 30, 8),
(29, '07:30:00', 7, 31, 9),
(30, '07:35:00', 7, 32, 9),
(31, '07:40:00', 7, 33, 3),
(32, '07:50:00', 7, 34, 4),
(33, '07:55:00', 7, 35, 28),
(34, '08:05:00', 7, 36, 2),
(35, '08:10:00', 7, 37, 30),
(36, '08:15:00', 7, 38, 15),
(37, '08:15:00', 7, 39, 4),
(38, '08:20:00', 7, 40, 10),
(39, '08:35:00', 7, 41, 31),
(40, '08:45:00', 7, 42, 8),
(41, '09:05:00', 7, 43, 2),
(42, '09:25:00', 7, 44, 26),
(43, '09:30:00', 7, 45, 13),
(44, '09:40:00', 7, 46, 32),
(45, '09:40:00', 7, 47, 32),
(46, '09:45:00', 7, 48, 6),
(47, '10:25:00', 7, 49, 8),
(48, '10:30:00', 7, 50, 8),
(49, '10:35:00', 7, 51, 8),
(50, '10:40:00', 7, 52, 15),
(51, '10:40:00', 7, 53, 2),
(52, '10:45:00', 7, 54, 11),
(53, '10:55:00', 7, 55, 34),
(54, '11:05:00', 7, 56, 15),
(55, '11:10:00', 7, 57, 35),
(56, '11:40:00', 7, 58, 7),
(57, '12:15:00', 7, 59, 2),
(59, '12:50:00', 7, 61, 9),
(60, '12:55:00', 7, 62, 6),
(62, '14:00:00', 7, 64, 11),
(63, '12:55:00', 7, 62, 6),
(64, '14:00:00', 7, 65, 7),
(65, '14:00:00', 7, 66, 18),
(67, '14:05:00', 7, 68, 11),
(69, '14:40:00', 7, 69, 15),
(70, '15:45:00', 7, 70, 21),
(71, '15:55:00', 7, 71, 14),
(72, '16:10:00', 7, 72, 26),
(73, '16:15:00', 7, 73, 14),
(74, '16:50:00', 7, 74, 6),
(75, '16:30:00', 7, 75, 13),
(76, '17:05:00', 7, 76, 4),
(77, '17:30:00', 7, 77, 14),
(78, '17:30:00', 7, 78, 35),
(79, '17:35:00', 7, 79, 12),
(80, '17:40:00', 7, 80, 11),
(81, '17:45:00', 7, 81, 7),
(82, '17:50:00', 7, 82, 2),
(83, '17:55:00', 7, 83, 4),
(84, '18:00:00', 7, 84, 9),
(85, '18:20:00', 7, 85, 8),
(86, '18:15:00', 7, 86, 3),
(88, '18:40:00', 7, 87, 3),
(89, '18:45:00', 7, 88, 3),
(90, '18:55:00', 7, 89, 5),
(91, '19:05:00', 7, 90, 15),
(93, '19:30:00', 7, 92, 9),
(94, '19:35:00', 7, 93, 9),
(95, '19:50:00', 7, 94, 7),
(96, '20:20:00', 7, 95, 15),
(99, '20:30:00', 7, 97, 11),
(100, '20:50:00', 7, 98, 4),
(101, '20:55:00', 7, 99, 8),
(102, '20:55:00', 7, 100, 8),
(103, '21:15:00', 7, 29, 14),
(104, '21:30:00', 7, 101, 4),
(105, '21:30:00', 7, 9, 5),
(106, '21:50:00', 7, 102, 36),
(107, '22:20:00', 7, 103, 5),
(108, '22:35:00', 7, 104, 5),
(109, '23:20:00', 7, 105, 13),
(110, '23:45:00', 7, 106, 35),
(111, '23:50:00', 7, 107, 10),
(112, '23:55:00', 7, 108, 37),
(113, '22:35:00', 8, 109, 3),
(114, '23:00:00', 8, 110, 11),
(115, '22:00:00', 17, 111, 22),
(116, '00:05:00', 42, 112, 8),
(117, '00:50:00', 8, 113, 20),
(118, '23:30:00', 20, 114, 16),
(119, '23:15:00', 22, 115, 24),
(120, '00:40:00', 24, 117, 25),
(121, '00:15:00', 11, 118, 26),
(122, '02:40:00', 54, 119, 13),
(123, '03:35:00', 8, 120, 11),
(124, '00:50:00', 10, 121, 5),
(125, '00:15:00', 23, 122, 27),
(126, '01:55:00', 21, 123, 2),
(127, '00:55:00', 25, 124, 17),
(128, '01:05:00', 23, 125, 3),
(129, '03:50:00', 31, 126, 3),
(130, '02:54:00', 9, 127, 28),
(131, '07:00:00', 8, 128, 7),
(132, '08:00:00', 30, 129, 13),
(133, '09:00:00', 8, 132, 3),
(134, '09:10:00', 8, 133, 12),
(135, '09:25:00', 42, 134, 35),
(136, '10:00:00', 30, 135, 9),
(137, '09:45:00', 8, 136, 9),
(138, '08:00:00', 69, 137, 13),
(139, '09:45:00', 19, 138, 11),
(140, '11:30:00', 8, 139, 4),
(141, '12:20:00', 37, 140, 13),
(142, '12:50:00', 30, 141, 15),
(143, '11:55:00', 16, 142, 21),
(144, '13:15:00', 48, 143, 14),
(145, '11:35:00', 11, 144, 26),
(146, '12:35:00', 19, 145, 3),
(147, '13:00:00', 36, 146, 3),
(148, '08:55:00', 15, 147, 6),
(149, '14:15:00', 41, 148, 9),
(150, '14:40:00', 8, 149, 12),
(151, '14:55:00', 37, 150, 9),
(152, '09:05:00', 14, 151, 7),
(153, '12:20:00', 31, 152, 2),
(154, '08:08:00', 52, 153, 6),
(155, '15:20:00', 42, 154, 3),
(156, '15:30:00', 8, 155, 2),
(157, '15:30:00', 43, 156, 15),
(158, '13:25:00', 20, 157, 4),
(159, '16:30:00', 46, 158, 11),
(160, '16:55:00', 34, 159, 30),
(161, '16:55:00', 29, 160, 9),
(162, '15:15:00', 17, 161, 9),
(163, '17:40:00', 8, 162, 15),
(164, '14:40:00', 33, 163, 5),
(165, '18:45:00', 43, 164, 14),
(166, '18:50:00', 8, 165, 5),
(167, '18:50:00', 50, 166, 36),
(168, '16:50:00', 10, 167, 3),
(169, '20:15:00', 28, 168, 9),
(170, '20:30:00', 8, 169, 6),
(171, '21:30:00', 8, 170, 6),
(172, '21:40:00', 8, 54, 11),
(173, '22:05:00', 30, 171, 9),
(174, '16:50:00', 38, 172, 32),
(175, '16:50:00', 39, 173, 32),
(176, '03:55:00', 51, 174, 2),
(177, '15:50:00', 40, 175, 9),
(178, '06:30:00', 8, 176, 14),
(179, '07:10:00', 8, 177, 9),
(180, '07:20:00', 8, 178, 9),
(181, '07:25:00', 8, 179, 26),
(182, '07:40:00', 8, 180, 9),
(183, '07:45:00', 8, 181, 2),
(184, '08:00:00', 8, 182, 2),
(185, '08:30:00', 8, 183, 3),
(186, '08:35:00', 8, 184, 24),
(187, '08:55:00', 8, 185, 15),
(188, '09:05:00', 8, 186, 30),
(189, '09:30:00', 8, 187, 11),
(190, '10:00:00', 8, 188, 13),
(191, '10:10:00', 8, 189, 9),
(192, '10:50:00', 8, 190, 14),
(193, '12:15:00', 8, 191, 14),
(194, '12:45:00', 8, 192, 14),
(195, '12:55:00', 8, 193, 13),
(196, '13:10:00', 8, 194, 11),
(197, '13:20:00', 8, 195, 15),
(198, '13:25:00', 8, 196, 15),
(199, '13:30:00', 8, 197, 15),
(200, '14:05:00', 8, 198, 30),
(201, '14:10:00', 8, 199, 14),
(202, '14:20:00', 8, 200, 9),
(203, '14:25:00', 8, 201, 9),
(204, '14:30:00', 8, 202, 9),
(205, '14:35:00', 8, 203, 11),
(206, '14:45:00', 8, 204, 8),
(207, '14:55:00', 8, 205, 30),
(208, '14:55:00', 8, 206, 7),
(209, '15:00:00', 8, 207, 5),
(210, '15:05:00', 8, 208, 7),
(211, '16:10:00', 8, 210, 7),
(212, '16:40:00', 8, 211, 14),
(213, '17:00:00', 8, 212, 38),
(214, '17:30:00', 8, 213, 14),
(215, '19:00:00', 8, 214, 12),
(216, '19:30:00', 8, 215, 13),
(217, '20:15:00', 8, 216, 9),
(218, '20:40:00', 8, 217, 3),
(219, '20:45:00', 8, 218, 3),
(220, '20:45:00', 8, 219, 3),
(221, '21:10:00', 8, 220, 3),
(222, '21:45:00', 8, 221, 12),
(223, '23:25:00', 8, 222, 39),
(224, '23:30:00', 8, 223, 13),
(225, '21:00:00', 20, 224, 3),
(226, '00:20:00', 69, 225, 9),
(227, '00:45:00', 19, 226, 9),
(228, '23:15:00', 22, 227, 24),
(229, '01:10:00', 65, 228, 13),
(230, '01:50:00', 17, 229, 9),
(231, '01:30:00', 10, 230, 4),
(232, '02:50:00', 41, 231, 14),
(233, '23:55:00', 67, 232, 7),
(234, '23:15:00', 63, 233, 7),
(235, '02:00:00', 33, 234, 9),
(236, '03:25:00', 23, 235, 3),
(237, '02:25:00', 11, 236, 26),
(238, '00:55:00', 51, 237, 3),
(239, '06:30:00', 30, 238, 13),
(240, '08:45:00', 37, 239, 14),
(241, '09:00:00', 69, 240, 13),
(242, '09:10:00', 29, 241, 8),
(243, '10:40:00', 49, 242, 8),
(244, '11:20:00', 36, 243, 3),
(245, '11:20:00', 42, 245, 2),
(246, '10:40:00', 50, 246, 9),
(247, '11:00:00', 29, 247, 11),
(248, '12:20:00', 7, 249, 30),
(249, '13:00:00', 30, 250, 13),
(250, '14:20:00', 46, 251, 14),
(251, '14:20:00', 56, 252, 14),
(252, '11:15:00', 70, 253, 38),
(253, '15:25:00', 55, 254, 15),
(254, '16:30:00', 53, 255, 9),
(255, '15:25:00', 19, 256, 2),
(256, '15:10:00', 12, 257, 13),
(257, '14:45:00', 40, 258, 9),
(258, '16:45:00', 54, 260, 30),
(259, '17:20:00', 43, 262, 14),
(260, '17:15:00', 37, 263, 9),
(261, '17:15:00', 16, 264, 9),
(262, '17:25:00', 26, 265, 9),
(263, '18:40:00', 19, 266, 11),
(264, '18:30:00', 60, 267, 32),
(265, '19:40:00', 37, 268, 14),
(266, '19:15:00', 36, 269, 15),
(267, '20:30:00', 30, 270, 11),
(268, '19:40:00', 66, 271, 39),
(269, '02:40:00', 11, 179, 26),
(270, '15:30:00', 30, 272, 11),
(271, '18:50:00', 30, 273, 12),
(272, '19:30:00', 30, 274, 13),
(274, '17:30:00', 19, 276, 11),
(275, '22:35:00', 23, 278, 34),
(276, '02:20:00', 35, 279, 31);

-- --------------------------------------------------------

--
-- Структура таблицы `flight`
--

CREATE TABLE `flight` (
  `ID_FLIGHT` int(11) NOT NULL,
  `FLIGHT_NUM` int(11) NOT NULL,
  `C_PRICE` double DEFAULT NULL,
  `Y_PRICE` double NOT NULL,
  `AIRLINE_ID_AIRLINE` int(11) NOT NULL
) ENGINE=InnoDB DEFAULT CHARSET=utf8;

--
-- Дамп данных таблицы `flight`
--

INSERT INTO `flight` (`ID_FLIGHT`, `FLIGHT_NUM`, `C_PRICE`, `Y_PRICE`, `AIRLINE_ID_AIRLINE`) VALUES
(2, 929, 180000, 130000, 25),
(3, 931, 170000, 120000, 25),
(4, 909, 150000, 110000, 25),
(5, 5504, 50000, 30000, 32),
(6, 649, 50000, 30000, 34),
(7, 54, 60000, 40000, 35),
(8, 716, 80000, 50000, 36),
(9, 889, 60000, 40000, 25),
(10, 647, 200000, 170000, 34),
(11, 1736, 70000, 50000, 37),
(12, 768, 100000, 80000, 38),
(13, 913, 120000, 100000, 25),
(14, 883, 100000, 80000, 25),
(15, 254, NULL, 70000, 51),
(16, 1947, 140000, 80000, 31),
(18, 2105, 40000, 20000, 28),
(20, 951, 40000, 20000, 25),
(21, 101, NULL, 60000, 39),
(22, 703, 30000, 15000, 29),
(23, 871, 130000, 80000, 25),
(24, 351, 150000, 100000, 40),
(25, 2894, NULL, 44000, 33),
(26, 405, 70000, 50000, 25),
(27, 671, 30000, 15000, 25),
(28, 2100, 24000, 13000, 28),
(29, 781, NULL, 15000, 29),
(30, 107, 13000, 8000, 25),
(31, 975, 30000, 20000, 25),
(32, 971, 25000, 18000, 25),
(33, 895, 100000, 80000, 25),
(34, 907, 70000, 50000, 25),
(35, 2464, NULL, 44000, 33),
(36, 877, 60000, 40000, 25),
(37, 3109, NULL, 12000, 41),
(38, 352, NULL, 13000, 30),
(39, 153, 70000, 50000, 25),
(40, 8890, NULL, 10000, 27),
(41, 747, 90000, 70000, 42),
(42, 851, 40000, 20000, 25),
(43, 863, 47000, 33000, 25),
(44, 1943, 120000, 100000, 31),
(45, 725, 40000, 20000, 29),
(46, 825, NULL, 100000, 52),
(47, 827, NULL, 100000, 52),
(48, 915, 120000, 90000, 25),
(49, 111, 40000, 30000, 25),
(50, 141, 50000, 30000, 25),
(51, 131, 40000, 20000, 25),
(52, 377, NULL, 14000, 30),
(53, 275, 100000, 80000, 25),
(54, 2110, 24000, 13000, 28),
(55, 353, 120000, 80000, 40),
(56, 363, NULL, 14000, 30),
(57, 762, 40000, 30000, 43),
(58, 853, 40000, 20000, 25),
(59, 127, 40000, 30000, 25),
(61, 985, 35000, 25000, 25),
(62, 621, 40000, 20000, 25),
(64, 2036, 30000, 20000, 28),
(65, 959, 220000, 170000, 25),
(66, 72, 72000, 45000, 44),
(67, 2025, 45000, 35000, 28),
(68, 2005, 24000, 13000, 28),
(69, 375, NULL, 30000, 30),
(70, 5502, 52000, 35000, 32),
(71, 737, NULL, 30000, 29),
(72, 1941, 120000, 90000, 31),
(73, 735, NULL, 20000, 29),
(74, 553, 240000, 150000, 25),
(75, 706, 25000, 13000, 29),
(76, 899, 80000, 60000, 25),
(77, 759, NULL, 23000, 29),
(78, 764, 40000, 30000, 43),
(79, 733, 35000, 23000, 29),
(80, 2205, 50000, 35000, 28),
(81, 995, 30000, 20000, 25),
(82, 401, 70000, 46000, 25),
(83, 911, 92000, 74000, 25),
(84, 303, 35000, 23000, 25),
(85, 109, 20000, 13000, 25),
(86, 135, 92000, 73000, 25),
(87, 885, 50000, 32000, 25),
(88, 991, 40000, 30000, 25),
(89, 875, 120000, 90000, 25),
(90, 354, NULL, 14000, 30),
(92, 139, 70000, 40000, 25),
(93, 969, 50000, 32000, 25),
(94, 855, 40000, 20000, 25),
(95, 360, NULL, 14000, 30),
(96, 2013, 25000, 14000, 28),
(97, 2120, 24000, 13000, 28),
(98, 963, 120000, 70000, 25),
(99, 987, 60000, 35000, 25),
(100, 955, 40000, 20000, 25),
(101, 850, 70000, 34000, 25),
(102, 6012, 80000, 50000, 47),
(103, 267, 150000, 120000, 25),
(104, 935, 220000, 190000, 25),
(105, 729, 32000, 24000, 29),
(106, 766, 40000, 32000, 43),
(107, 8550, NULL, 10000, 27),
(108, 758, 13000, 6000, 46),
(109, 856, 40000, 20000, 25),
(110, 2101, 24000, 13000, 28),
(111, 53, 70000, 45000, 35),
(112, 130, 30000, 25000, 25),
(113, 646, 60000, 40000, 34),
(114, 1735, NULL, 50000, 37),
(115, 767, 50000, 40000, 38),
(117, 253, NULL, 50000, 51),
(118, 1946, 120000, 90000, 31),
(119, 730, 30000, 20000, 29),
(120, 2014, 24000, 13000, 28),
(121, 876, 90000, 70000, 25),
(122, 350, 120000, 90000, 40),
(123, 402, 90000, 70000, 25),
(124, 100, NULL, 40000, 39),
(125, 912, 120000, 90000, 25),
(126, 964, 100000, 70000, 25),
(127, 2463, NULL, 50000, 33),
(128, 622, 40000, 20000, 25),
(129, 705, 30000, 17000, 29),
(130, 352, 120000, 90000, 40),
(131, 351, NULL, 14000, 30),
(132, 952, 40000, 20000, 25),
(133, 704, 40000, 20000, 29),
(134, 761, 50000, 40000, 43),
(135, 972, 30000, 15000, 25),
(136, 672, 30000, 24000, 25),
(137, 732, 40000, 24000, 29),
(138, 2106, 40000, 30000, 28),
(139, 852, 40000, 20000, 25),
(140, 726, 35000, 20000, 29),
(141, 378, NULL, 14000, 30),
(142, 5501, 50000, 30000, 32),
(143, 760, NULL, 40000, 29),
(144, 1940, 120000, 90000, 31),
(145, 878, 50000, 30000, 25),
(146, 864, 50000, 30000, 25),
(147, 910, 190000, 150000, 25),
(148, 132, 40000, 25000, 25),
(149, 714, 35000, 23000, 29),
(150, 302, 40000, 20000, 25),
(151, 932, 200000, 170000, 25),
(152, 908, 50000, 30000, 25),
(153, 936, 240000, 200000, 25),
(154, 128, 40000, 30000, 25),
(155, 854, 40000, 20000, 25),
(156, 364, NULL, 14000, 30),
(157, 896, 70000, 50000, 25),
(158, 2037, 24000, 13000, 28),
(159, 3102, NULL, 12000, 41),
(160, 986, 50000, 40000, 25),
(161, 112, 50000, 30000, 25),
(162, 359, NULL, 14000, 30),
(163, 154, 120000, 90000, 25),
(164, 736, NULL, 20000, 29),
(165, 954, 40000, 20000, 25),
(166, 6011, 40000, 30000, 47),
(167, 276, 90000, 70000, 25),
(168, 110, 20000, 13000, 25),
(169, 996, 40000, 20000, 25),
(170, 992, 40000, 20000, 25),
(171, 970, 30000, 15000, 25),
(172, 826, NULL, 150000, 52),
(173, 828, NULL, 150000, 52),
(174, 268, 120000, 90000, 25),
(175, 142, 50000, 30000, 25),
(176, 785, NULL, 20000, 29),
(177, 979, 30000, 20000, 25),
(178, 287, 50000, 30000, 25),
(179, 1951, 100000, 70000, 31),
(180, 333, 40000, 25000, 25),
(181, 123, 50000, 30000, 25),
(182, 981, 30000, 20000, 25),
(183, 977, 30000, 20000, 25),
(184, 774, 50000, 30000, 38),
(185, 385, NULL, 15000, 30),
(186, 728, NULL, 12000, 41),
(187, 2030, 24000, 13000, 28),
(188, 813, 50000, 30000, 29),
(189, 119, 50000, 30000, 25),
(190, 793, NULL, 23000, 29),
(191, 795, NULL, 20000, 29),
(192, 719, NULL, 20000, 29),
(193, 765, 40000, 20000, 29),
(194, 2007, 24000, 13000, 28),
(195, 373, NULL, 14000, 30),
(196, 387, NULL, 14000, 30),
(197, 389, NULL, 6000, 30),
(198, 748, NULL, 12000, 41),
(199, 757, NULL, 20000, 29),
(200, 279, 30000, 20000, 25),
(201, 217, 40000, 30000, 25),
(202, 271, 40000, 20000, 25),
(203, 2103, 24000, 13000, 28),
(204, 345, 30000, 20000, 25),
(205, 3103, NULL, 6000, 41),
(206, 223, 200000, 180000, 25),
(207, 207, 90000, 50000, 25),
(208, 941, 210000, 180000, 25),
(209, 716, 23000, 13000, 29),
(210, 921, 200000, 170000, 25),
(211, 721, NULL, 30000, 29),
(212, 295, 120000, 90000, 49),
(213, 783, NULL, 20000, 29),
(214, 741, 40000, 20000, 29),
(215, 702, 40000, 20000, 29),
(216, 341, 20000, 15000, 25),
(217, 137, 120000, 90000, 25),
(218, 313, 40000, 20000, 25),
(219, 873, 70000, 50000, 25),
(220, 983, 35000, 23000, 25),
(221, 847, NULL, 40000, 29),
(222, 2250, NULL, 60000, 50),
(223, 815, 60000, 30000, 29),
(224, 208, 100000, 80000, 25),
(225, 314, 40000, 30000, 25),
(226, 984, 40000, 35000, 25),
(227, 773, 70000, 50000, 38),
(228, 844, 60000, 40000, 29),
(229, 114, 60000, 40000, 25),
(230, 874, 100000, 50000, 25),
(231, 848, NULL, 50000, 29),
(232, 922, 210000, 160000, 25),
(233, 942, 210000, 170000, 25),
(234, 138, 90000, 70000, 25),
(235, 918, 90000, 60000, 25),
(236, 1956, 100000, 60000, 31),
(237, 228, 120000, 90000, 25),
(238, 701, 40000, 23000, 29),
(239, 786, NULL, 23000, 29),
(240, 742, 50000, 30000, 29),
(241, 334, 40000, 200000, 25),
(242, 980, 50000, 30000, 25),
(243, 978, 40000, 30000, 25),
(244, 747, NULL, 12000, 41),
(245, 124, 70000, 40000, 25),
(246, 288, 60000, 40000, 25),
(247, 2041, 24000, 17000, 28),
(248, 3104, NULL, 7000, 41),
(249, 3194, NULL, 7000, 41),
(250, 715, 40000, 20000, 29),
(251, 720, NULL, 30000, 29),
(252, 796, NULL, 35000, 29),
(253, 294, 120000, 70000, 49),
(254, 390, NULL, 14000, 30),
(255, 280, 40000, 30000, 25),
(256, 982, 50000, 40000, 25),
(257, 814, 60000, 40000, 29),
(258, 120, 80000, 60000, 25),
(259, 766, 70000, 50000, 29),
(260, 727, NULL, 12000, 41),
(261, 758, NULL, 40000, 29),
(262, 794, NULL, 40000, 29),
(263, 346, 45000, 30000, 25),
(264, 218, 53000, 33000, 25),
(265, 272, 42000, 32000, 25),
(266, 2104, 35000, 24000, 28),
(267, 476, NULL, 70000, 52),
(268, 784, NULL, 40000, 29),
(269, 386, NULL, 20000, 30),
(270, 2008, 35000, 25000, 28),
(271, 2249, NULL, 60000, 50),
(272, 2115, 29000, 20000, 28),
(273, 709, 40000, 23000, 29),
(274, 801, 100000, 40000, 29),
(276, 2116, 42000, 24000, 28),
(278, 354, 120000, 70000, 40),
(279, 746, 90000, 60000, 42);

-- --------------------------------------------------------

--
-- Структура таблицы `purchase_log`
--

CREATE TABLE `purchase_log` (
  `ID_PURCHASE_LOG` int(11) NOT NULL,
  `PURCHASE_DATE` date NOT NULL,
  `PURCHASE_TIME` time NOT NULL,
  `FLIGHT_CLASS` varchar(45) NOT NULL,
  `FLIGHT_PRICE` double NOT NULL,
  `CUSTOMER_ID_CUSTOMER` int(11) NOT NULL,
  `FLIGHT_ID_FLIGHT` int(11) NOT NULL
) ENGINE=InnoDB DEFAULT CHARSET=utf8;

--
-- Дамп данных таблицы `purchase_log`
--

INSERT INTO `purchase_log` (`ID_PURCHASE_LOG`, `PURCHASE_DATE`, `PURCHASE_TIME`, `FLIGHT_CLASS`, `FLIGHT_PRICE`, `CUSTOMER_ID_CUSTOMER`, `FLIGHT_ID_FLIGHT`) VALUES
(6, '2019-11-14', '10:14:12', 'Эконом', 120000, 5, 3),
(7, '2019-11-25', '20:44:15', 'Эконом', 15000, 6, 107),
(8, '2019-11-26', '09:16:26', 'Эконом', 34500, 9, 79),
(9, '2019-11-26', '09:17:20', 'Эконом', 285000, 9, 104),
(10, '2019-11-26', '09:19:41', 'Эконом', 109500, 9, 86),
(11, '2019-11-26', '09:23:40', 'Эконом', 34500, 9, 84),
(12, '2019-11-27', '08:55:35', 'Эконом', 21000, 9, 90),
(13, '2019-12-15', '08:49:34', 'Эконом', 21000, 9, 95);

-- --------------------------------------------------------

--
-- Структура таблицы `ticket`
--

CREATE TABLE `ticket` (
  `ID_TICKET` int(11) NOT NULL,
  `FLIGHT_DATE` date NOT NULL,
  `ARR_SCHD_ID_SCHD` int(11) NOT NULL,
  `DEP_SCHD_ID_SCHD` int(11) NOT NULL,
  `CUSTOMER_ID_CUSTOMER` int(11) NOT NULL
) ENGINE=InnoDB DEFAULT CHARSET=utf8;

--
-- Дамп данных таблицы `ticket`
--

INSERT INTO `ticket` (`ID_TICKET`, `FLIGHT_DATE`, `ARR_SCHD_ID_SCHD`, `DEP_SCHD_ID_SCHD`, `CUSTOMER_ID_CUSTOMER`) VALUES
(6, '2019-11-14', 3, 3, 5),
(7, '2019-11-25', 111, 111, 6),
(8, '2019-11-26', 79, 79, 9),
(9, '2019-11-26', 108, 108, 9),
(10, '2019-11-26', 86, 86, 9),
(11, '2019-11-26', 84, 84, 9),
(12, '2019-11-27', 91, 91, 9),
(13, '2019-12-15', 96, 96, 9);

-- --------------------------------------------------------

--
-- Структура таблицы `type_doc`
--

CREATE TABLE `type_doc` (
  `ID_TYPE` int(11) NOT NULL,
  `TYPEDOC` varchar(45) NOT NULL
) ENGINE=InnoDB DEFAULT CHARSET=utf8;

--
-- Дамп данных таблицы `type_doc`
--

INSERT INTO `type_doc` (`ID_TYPE`, `TYPEDOC`) VALUES
(1, 'Удостоверение личности'),
(2, 'Заграничный паспорт'),
(3, 'Свидетельство о рождении'),
(4, 'Иной документ');

-- --------------------------------------------------------

--
-- Структура таблицы `user`
--

CREATE TABLE `user` (
  `ID_USER` int(11) NOT NULL,
  `LOGIN_USER` varchar(45) NOT NULL,
  `PASSWORD_USER` varchar(45) NOT NULL,
  `PRIV` tinyint(4) NOT NULL
) ENGINE=InnoDB DEFAULT CHARSET=utf8;

--
-- Дамп данных таблицы `user`
--

INSERT INTO `user` (`ID_USER`, `LOGIN_USER`, `PASSWORD_USER`, `PRIV`) VALUES
(1, 'su', 'su', 1),
(2, 'user', 'user', 0);

-- --------------------------------------------------------

--
-- Структура для представления `arr`
--
DROP TABLE IF EXISTS `arr`;

CREATE ALGORITHM=UNDEFINED DEFINER=`root`@`%` SQL SECURITY DEFINER VIEW `arr`  AS  select `flight`.`FLIGHT_NUM` AS `FLIGHT_NUM`,`arr_schd`.`SCHD_TIME` AS `SCHD_TIME`,`airport`.`CITY` AS `ARR_CITY`,`airport`.`AIRPORT` AS `ARR_AP` from (((`airline` join `flight` on((`airline`.`ID_AIRLINE` = `flight`.`AIRLINE_ID_AIRLINE`))) join `arr_schd` on((`flight`.`ID_FLIGHT` = `arr_schd`.`FLIGHT_ID_FLIGHT`))) join `airport` on((`arr_schd`.`AIRPORT_ID_AIRPORT` = `airport`.`ID_AIRPORT`))) ;

-- --------------------------------------------------------

--
-- Структура для представления `dep`
--
DROP TABLE IF EXISTS `dep`;

CREATE ALGORITHM=UNDEFINED DEFINER=`root`@`%` SQL SECURITY DEFINER VIEW `dep`  AS  select `airline`.`AIRLINE` AS `AIRLINE`,`airline`.`IATA` AS `IATA`,`flight`.`FLIGHT_NUM` AS `FLIGHT_NUM`,`dep_schd`.`SCHD_TIME` AS `SCHD_TIME`,`airport`.`CITY` AS `DEP_CITY`,`airport`.`AIRPORT` AS `DEP_AP` from (((`airline` join `flight` on((`airline`.`ID_AIRLINE` = `flight`.`AIRLINE_ID_AIRLINE`))) join `dep_schd` on((`flight`.`ID_FLIGHT` = `dep_schd`.`FLIGHT_ID_FLIGHT`))) join `airport` on((`dep_schd`.`AIRPORT_ID_AIRPORT` = `airport`.`ID_AIRPORT`))) ;

-- --------------------------------------------------------

--
-- Структура для представления `dep_business`
--
DROP TABLE IF EXISTS `dep_business`;

CREATE ALGORITHM=UNDEFINED DEFINER=`root`@`%` SQL SECURITY DEFINER VIEW `dep_business`  AS  select `flight`.`C_PRICE` AS `C_PRICE`,`airline`.`AIRLINE` AS `AIRLINE`,`airline`.`IATA` AS `IATA`,`flight`.`FLIGHT_NUM` AS `FLIGHT_NUM`,`dep_schd`.`SCHD_TIME` AS `SCHD_TIME`,`airport`.`CITY` AS `DEP_CITY`,`airport`.`AIRPORT` AS `DEP_AP` from (((`airline` join `flight` on((`airline`.`ID_AIRLINE` = `flight`.`AIRLINE_ID_AIRLINE`))) join `dep_schd` on((`flight`.`ID_FLIGHT` = `dep_schd`.`FLIGHT_ID_FLIGHT`))) join `airport` on((`dep_schd`.`AIRPORT_ID_AIRPORT` = `airport`.`ID_AIRPORT`))) ;

-- --------------------------------------------------------

--
-- Структура для представления `dep_econ`
--
DROP TABLE IF EXISTS `dep_econ`;

CREATE ALGORITHM=UNDEFINED DEFINER=`root`@`%` SQL SECURITY DEFINER VIEW `dep_econ`  AS  select `flight`.`Y_PRICE` AS `Y_PRICE`,`airline`.`AIRLINE` AS `AIRLINE`,`airline`.`IATA` AS `IATA`,`flight`.`FLIGHT_NUM` AS `FLIGHT_NUM`,`dep_schd`.`SCHD_TIME` AS `SCHD_TIME`,`airport`.`CITY` AS `DEP_CITY`,`airport`.`AIRPORT` AS `DEP_AP` from (((`airline` join `flight` on((`airline`.`ID_AIRLINE` = `flight`.`AIRLINE_ID_AIRLINE`))) join `dep_schd` on((`flight`.`ID_FLIGHT` = `dep_schd`.`FLIGHT_ID_FLIGHT`))) join `airport` on((`dep_schd`.`AIRPORT_ID_AIRPORT` = `airport`.`ID_AIRPORT`))) ;

--
-- Индексы сохранённых таблиц
--

--
-- Индексы таблицы `aircraft`
--
ALTER TABLE `aircraft`
  ADD PRIMARY KEY (`ID_AIRCRAFT`);

--
-- Индексы таблицы `airline`
--
ALTER TABLE `airline`
  ADD PRIMARY KEY (`ID_AIRLINE`);

--
-- Индексы таблицы `airline_aircraft`
--
ALTER TABLE `airline_aircraft`
  ADD PRIMARY KEY (`ID_SET`),
  ADD KEY `fk_AIRLINE_AIRCRAFT_AIRLINE1_idx` (`AIRLINE_ID_AIRLINE`),
  ADD KEY `fk_AIRLINE_AIRCRAFT_AIRCRAFT1_idx` (`AIRCRAFT_ID_AIRCRAFT`);

--
-- Индексы таблицы `airport`
--
ALTER TABLE `airport`
  ADD PRIMARY KEY (`ID_AIRPORT`),
  ADD UNIQUE KEY `AIRPORT_UNIQUE` (`AIRPORT`);

--
-- Индексы таблицы `arr_schd`
--
ALTER TABLE `arr_schd`
  ADD PRIMARY KEY (`ID_SCHD`),
  ADD KEY `fk_ARR_SCHD_AIRPORT_idx` (`AIRPORT_ID_AIRPORT`),
  ADD KEY `fk_ARR_SCHD_FLIGHT1_idx` (`FLIGHT_ID_FLIGHT`),
  ADD KEY `fk_ARR_SCHD_AIRLINE_AIRCRAFT1_idx` (`AIRLINE_AIRCRAFT_ID_SET`);

--
-- Индексы таблицы `customer`
--
ALTER TABLE `customer`
  ADD PRIMARY KEY (`ID_CUSTOMER`),
  ADD UNIQUE KEY `NUMDOC_UNIQUE` (`NUMDOC`),
  ADD KEY `fk_CUSTOMER_TYPE_DOC1_idx` (`TYPE_DOC_ID_TYPE`);

--
-- Индексы таблицы `dep_schd`
--
ALTER TABLE `dep_schd`
  ADD PRIMARY KEY (`ID_SCHD`),
  ADD KEY `fk_DEP_SCHD_AIRPORT1_idx` (`AIRPORT_ID_AIRPORT`),
  ADD KEY `fk_DEP_SCHD_FLIGHT1_idx` (`FLIGHT_ID_FLIGHT`),
  ADD KEY `fk_DEP_SCHD_AIRLINE_AIRCRAFT1_idx` (`AIRLINE_AIRCRAFT_ID_SET`);

--
-- Индексы таблицы `flight`
--
ALTER TABLE `flight`
  ADD PRIMARY KEY (`ID_FLIGHT`),
  ADD KEY `fk_FLIGHT_AIRLINE1_idx` (`AIRLINE_ID_AIRLINE`);

--
-- Индексы таблицы `purchase_log`
--
ALTER TABLE `purchase_log`
  ADD PRIMARY KEY (`ID_PURCHASE_LOG`),
  ADD KEY `fk_PURCHASE_LOG_CUSTOMER1_idx` (`CUSTOMER_ID_CUSTOMER`),
  ADD KEY `fk_PURCHASE_LOG_FLIGHT1_idx` (`FLIGHT_ID_FLIGHT`);

--
-- Индексы таблицы `ticket`
--
ALTER TABLE `ticket`
  ADD PRIMARY KEY (`ID_TICKET`),
  ADD KEY `fk_TICKET_ARR_SCHD1_idx` (`ARR_SCHD_ID_SCHD`),
  ADD KEY `fk_TICKET_DEP_SCHD1_idx` (`DEP_SCHD_ID_SCHD`),
  ADD KEY `fk_TICKET_CUSTOMER1_idx` (`CUSTOMER_ID_CUSTOMER`);

--
-- Индексы таблицы `type_doc`
--
ALTER TABLE `type_doc`
  ADD PRIMARY KEY (`ID_TYPE`);

--
-- Индексы таблицы `user`
--
ALTER TABLE `user`
  ADD PRIMARY KEY (`ID_USER`);

--
-- AUTO_INCREMENT для сохранённых таблиц
--

--
-- AUTO_INCREMENT для таблицы `aircraft`
--
ALTER TABLE `aircraft`
  MODIFY `ID_AIRCRAFT` int(11) NOT NULL AUTO_INCREMENT, AUTO_INCREMENT=34;

--
-- AUTO_INCREMENT для таблицы `airline`
--
ALTER TABLE `airline`
  MODIFY `ID_AIRLINE` int(11) NOT NULL AUTO_INCREMENT, AUTO_INCREMENT=53;

--
-- AUTO_INCREMENT для таблицы `airline_aircraft`
--
ALTER TABLE `airline_aircraft`
  MODIFY `ID_SET` int(11) NOT NULL AUTO_INCREMENT, AUTO_INCREMENT=40;

--
-- AUTO_INCREMENT для таблицы `airport`
--
ALTER TABLE `airport`
  MODIFY `ID_AIRPORT` int(11) NOT NULL AUTO_INCREMENT, AUTO_INCREMENT=72;

--
-- AUTO_INCREMENT для таблицы `arr_schd`
--
ALTER TABLE `arr_schd`
  MODIFY `ID_SCHD` int(11) NOT NULL AUTO_INCREMENT, AUTO_INCREMENT=277;

--
-- AUTO_INCREMENT для таблицы `customer`
--
ALTER TABLE `customer`
  MODIFY `ID_CUSTOMER` int(11) NOT NULL AUTO_INCREMENT, AUTO_INCREMENT=10;

--
-- AUTO_INCREMENT для таблицы `dep_schd`
--
ALTER TABLE `dep_schd`
  MODIFY `ID_SCHD` int(11) NOT NULL AUTO_INCREMENT, AUTO_INCREMENT=277;

--
-- AUTO_INCREMENT для таблицы `flight`
--
ALTER TABLE `flight`
  MODIFY `ID_FLIGHT` int(11) NOT NULL AUTO_INCREMENT, AUTO_INCREMENT=280;

--
-- AUTO_INCREMENT для таблицы `purchase_log`
--
ALTER TABLE `purchase_log`
  MODIFY `ID_PURCHASE_LOG` int(11) NOT NULL AUTO_INCREMENT, AUTO_INCREMENT=14;

--
-- AUTO_INCREMENT для таблицы `ticket`
--
ALTER TABLE `ticket`
  MODIFY `ID_TICKET` int(11) NOT NULL AUTO_INCREMENT, AUTO_INCREMENT=14;

--
-- AUTO_INCREMENT для таблицы `type_doc`
--
ALTER TABLE `type_doc`
  MODIFY `ID_TYPE` int(11) NOT NULL AUTO_INCREMENT, AUTO_INCREMENT=5;

--
-- AUTO_INCREMENT для таблицы `user`
--
ALTER TABLE `user`
  MODIFY `ID_USER` int(11) NOT NULL AUTO_INCREMENT, AUTO_INCREMENT=3;

--
-- Ограничения внешнего ключа сохраненных таблиц
--

--
-- Ограничения внешнего ключа таблицы `airline_aircraft`
--
ALTER TABLE `airline_aircraft`
  ADD CONSTRAINT `fk_AIRLINE_AIRCRAFT_AIRCRAFT1` FOREIGN KEY (`AIRCRAFT_ID_AIRCRAFT`) REFERENCES `aircraft` (`ID_AIRCRAFT`),
  ADD CONSTRAINT `fk_AIRLINE_AIRCRAFT_AIRLINE1` FOREIGN KEY (`AIRLINE_ID_AIRLINE`) REFERENCES `airline` (`ID_AIRLINE`);

--
-- Ограничения внешнего ключа таблицы `arr_schd`
--
ALTER TABLE `arr_schd`
  ADD CONSTRAINT `fk_ARR_SCHD_AIRLINE_AIRCRAFT1` FOREIGN KEY (`AIRLINE_AIRCRAFT_ID_SET`) REFERENCES `airline_aircraft` (`ID_SET`),
  ADD CONSTRAINT `fk_ARR_SCHD_AIRPORT` FOREIGN KEY (`AIRPORT_ID_AIRPORT`) REFERENCES `airport` (`ID_AIRPORT`),
  ADD CONSTRAINT `fk_ARR_SCHD_FLIGHT1` FOREIGN KEY (`FLIGHT_ID_FLIGHT`) REFERENCES `flight` (`ID_FLIGHT`);

--
-- Ограничения внешнего ключа таблицы `customer`
--
ALTER TABLE `customer`
  ADD CONSTRAINT `fk_CUSTOMER_TYPE_DOC1` FOREIGN KEY (`TYPE_DOC_ID_TYPE`) REFERENCES `type_doc` (`ID_TYPE`);

--
-- Ограничения внешнего ключа таблицы `dep_schd`
--
ALTER TABLE `dep_schd`
  ADD CONSTRAINT `fk_DEP_SCHD_AIRLINE_AIRCRAFT1` FOREIGN KEY (`AIRLINE_AIRCRAFT_ID_SET`) REFERENCES `airline_aircraft` (`ID_SET`),
  ADD CONSTRAINT `fk_DEP_SCHD_AIRPORT1` FOREIGN KEY (`AIRPORT_ID_AIRPORT`) REFERENCES `airport` (`ID_AIRPORT`),
  ADD CONSTRAINT `fk_DEP_SCHD_FLIGHT1` FOREIGN KEY (`FLIGHT_ID_FLIGHT`) REFERENCES `flight` (`ID_FLIGHT`);

--
-- Ограничения внешнего ключа таблицы `flight`
--
ALTER TABLE `flight`
  ADD CONSTRAINT `fk_FLIGHT_AIRLINE1` FOREIGN KEY (`AIRLINE_ID_AIRLINE`) REFERENCES `airline` (`ID_AIRLINE`);

--
-- Ограничения внешнего ключа таблицы `purchase_log`
--
ALTER TABLE `purchase_log`
  ADD CONSTRAINT `fk_PURCHASE_LOG_CUSTOMER1` FOREIGN KEY (`CUSTOMER_ID_CUSTOMER`) REFERENCES `customer` (`ID_CUSTOMER`),
  ADD CONSTRAINT `fk_PURCHASE_LOG_FLIGHT1` FOREIGN KEY (`FLIGHT_ID_FLIGHT`) REFERENCES `flight` (`ID_FLIGHT`);

--
-- Ограничения внешнего ключа таблицы `ticket`
--
ALTER TABLE `ticket`
  ADD CONSTRAINT `fk_TICKET_ARR_SCHD1` FOREIGN KEY (`ARR_SCHD_ID_SCHD`) REFERENCES `arr_schd` (`ID_SCHD`),
  ADD CONSTRAINT `fk_TICKET_CUSTOMER1` FOREIGN KEY (`CUSTOMER_ID_CUSTOMER`) REFERENCES `customer` (`ID_CUSTOMER`),
  ADD CONSTRAINT `fk_TICKET_DEP_SCHD1` FOREIGN KEY (`DEP_SCHD_ID_SCHD`) REFERENCES `dep_schd` (`ID_SCHD`);
COMMIT;

/*!40101 SET CHARACTER_SET_CLIENT=@OLD_CHARACTER_SET_CLIENT */;
/*!40101 SET CHARACTER_SET_RESULTS=@OLD_CHARACTER_SET_RESULTS */;
/*!40101 SET COLLATION_CONNECTION=@OLD_COLLATION_CONNECTION */;
